***************,,,,,,,,,,,,,,
Date: Fri Jun 19 20:38:42 2015,,,,,,,,,,,,,,
Seed: 100301973842220852688042999910286945997,,,,,,,,,,,,,,
ID: kyle,,,,,,,,,,,,,,
CONDS: rbp / r,,,,,,,,,,,,,,
SID,PHASE,COLOR,CONDITION,WORD,FIXATIONON,PRECUEON,WORDON,FIXATIONOFF,PRECUEOFF,WORDOFF,RESPONSE,EXPECTED,ACCURACY,RT
kyle,STUDY0,rbp,NULL,NULL,0.003147,-1,-1,2.202325,-1,-1,NONE,NONE,-1,-1
kyle,STUDY0,rbp,NULL,NULL,2.20279,-1,-1,4.402328,-1,-1,NONE,NONE,-1,-1
kyle,STUDY0,rbp,NULL,NULL,4.402792,-1,-1,6.602336,-1,-1,NONE,NONE,-1,-1
kyle,STUDY0,rbp,NULL,NULL,6.602799,-1,-1,8.80234,-1,-1,NONE,NONE,-1,-1
kyle,STUDY0,rbp,NULL,NULL,8.80281,-1,-1,11.002342,-1,-1,NONE,NONE,-1,-1
kyle,STUDY0,rbp,Y,valley,11.036456,11.286457,12.036456,11.286456,12.036456,14.536456,NONE,NONE,-1,-1
kyle,STUDY0,rbp,S,summer,14.537051,14.787051,15.537051,14.787051,15.537051,18.037051,NONE,NONE,-1,-1
kyle,STUDY0,rbp,Y,plate,18.03761,18.28761,19.03761,18.28761,19.03761,21.53761,NONE,NONE,-1,-1
kyle,STUDY0,rbp,Y,ocean,21.538181,21.788181,22.538181,21.788181,22.538181,25.038181,NONE,NONE,-1,-1
kyle,STUDY0,rbp,Y,guardian,25.038757,25.288757,26.038757,25.288757,26.038757,28.538757,NONE,NONE,-1,-1
kyle,STUDY0,rbp,NULL,NULL,28.539222,-1,-1,30.73878,-1,-1,NONE,NONE,-1,-1
kyle,STUDY0,rbp,NULL,NULL,30.739242,-1,-1,32.938783,-1,-1,NONE,NONE,-1,-1
kyle,STUDY0,rbp,P,kingdom,32.969175,33.219175,33.969175,33.219175,33.969175,36.469175,NONE,NONE,-1,-1
kyle,STUDY0,rbp,Y,minute,36.469751,36.719751,37.469751,36.719751,37.469751,39.969751,NONE,NONE,-1,-1
kyle,STUDY0,rbp,P,record,39.970323,40.220323,40.970323,40.220323,40.970323,43.470323,NONE,NONE,-1,-1
kyle,STUDY0,rbp,NULL,NULL,43.470795,-1,-1,45.670343,-1,-1,NONE,NONE,-1,-1
kyle,STUDY0,rbp,P,island,45.698818,45.948819,46.698818,45.948818,46.698818,49.198818,NONE,NONE,-1,-1
kyle,STUDY0,rbp,S,answer,49.199377,49.449377,50.199377,49.449377,50.199377,52.699377,NONE,NONE,-1,-1
kyle,STUDY0,rbp,NULL,NULL,52.69989,-1,-1,54.899401,-1,-1,NONE,NONE,-1,-1
kyle,STUDY0,rbp,S,invention,54.93468,55.18468,55.93468,55.18468,55.93468,58.43468,NONE,NONE,-1,-1
kyle,STUDY0,rbp,NULL,NULL,58.435143,-1,-1,60.634707,-1,-1,NONE,NONE,-1,-1
kyle,STUDY0,rbp,S,station,60.661779,60.91178,61.661779,60.911779,61.661779,64.161779,NONE,NONE,-1,-1
kyle,STUDY0,rbp,S,trousers,64.16235,64.41235,65.16235,64.41235,65.16235,67.66235,NONE,NONE,-1,-1
kyle,STUDY0,rbp,P,school,67.66291,67.91291,68.66291,67.91291,68.66291,71.16291,NONE,NONE,-1,-1
kyle,STUDY0,rbp,NULL,NULL,71.163374,-1,-1,73.362933,-1,-1,NONE,NONE,-1,-1
kyle,STUDY0,rbp,NULL,NULL,73.36341,-1,-1,75.562936,-1,-1,NONE,NONE,-1,-1
kyle,STUDY0,rbp,NULL,NULL,75.563404,-1,-1,77.762938,-1,-1,NONE,NONE,-1,-1
kyle,STUDY0,rbp,P,invitation,77.798032,78.048033,78.798032,78.048032,78.798032,81.298032,NONE,NONE,-1,-1
kyle,STUDY0,rbp,S,stream,81.298582,81.548582,82.298582,81.548582,82.298582,84.798582,NONE,NONE,-1,-1
kyle,STUDY0,rbp,NULL,NULL,84.799047,-1,-1,86.998604,-1,-1,NONE,NONE,-1,-1
kyle,STUDY0,rbp,NULL,NULL,86.999069,-1,-1,89.198607,-1,-1,NONE,NONE,-1,-1
kyle,STUDY0,rbp,NULL,NULL,89.199063,-1,-1,91.39861,-1,-1,NONE,NONE,-1,-1
kyle,STUDY0,rbp,Y,century,91.428043,91.678044,92.428043,91.678043,92.428043,94.928043,NONE,NONE,-1,-1
kyle,STUDY0,rbp,Y,river,94.928604,95.178604,95.928604,95.178604,95.928604,98.428604,NONE,NONE,-1,-1
kyle,STUDY0,rbp,P,ticket,98.429172,98.679172,99.429172,98.679172,99.429172,101.929172,NONE,NONE,-1,-1
kyle,STUDY0,rbp,NULL,NULL,101.929651,-1,-1,104.129194,-1,-1,NONE,NONE,-1,-1
kyle,STUDY0,rbp,Y,whisper,104.159651,104.409651,105.159651,104.409651,105.159651,107.659651,NONE,NONE,-1,-1
kyle,STUDY0,rbp,P,uncle,107.660544,107.910544,108.660544,107.910544,108.660544,111.160544,NONE,NONE,-1,-1
kyle,STUDY0,rbp,NULL,NULL,111.160996,-1,-1,113.36056,-1,-1,NONE,NONE,-1,-1
kyle,STUDY0,rbp,P,garden,113.391253,113.641253,114.391253,113.641253,114.391253,116.891253,NONE,NONE,-1,-1
kyle,STUDY0,rbp,P,machine,116.891948,117.141948,117.891948,117.141948,117.891948,120.391948,NONE,NONE,-1,-1
kyle,STUDY0,rbp,Y,harbor,120.392511,120.642511,121.392511,120.642511,121.392511,123.892511,NONE,NONE,-1,-1
kyle,STUDY0,rbp,NULL,NULL,123.89297,-1,-1,126.092532,-1,-1,NONE,NONE,-1,-1
kyle,STUDY0,rbp,NULL,NULL,126.092986,-1,-1,128.292536,-1,-1,NONE,NONE,-1,-1
kyle,STUDY0,rbp,NULL,NULL,128.292982,-1,-1,130.492538,-1,-1,NONE,NONE,-1,-1
kyle,STUDY0,rbp,S,traffic,130.525543,130.775543,131.525543,130.775543,131.525543,134.025543,NONE,NONE,-1,-1
kyle,STUDY0,rbp,S,knock,134.026106,134.276106,135.026106,134.276106,135.026106,137.526106,NONE,NONE,-1,-1
kyle,STUDY0,rbp,NULL,NULL,137.526598,-1,-1,139.726133,-1,-1,NONE,NONE,-1,-1
kyle,STUDY0,rbp,P,quarrel,139.755717,140.005717,140.755717,140.005717,140.755717,143.255717,NONE,NONE,-1,-1
kyle,STUDY0,rbp,Y,foundation,143.256283,143.506283,144.256283,143.506283,144.256283,146.756283,NONE,NONE,-1,-1
kyle,STUDY0,rbp,NULL,NULL,146.756817,-1,-1,148.95632,-1,-1,NONE,NONE,-1,-1
kyle,STUDY0,rbp,Y,vacation,148.984819,149.234819,149.98482,149.234819,149.984819,152.484819,NONE,NONE,-1,-1
kyle,STUDY0,rbp,S,orchard,152.485388,152.735388,153.485389,152.735388,153.485388,155.985388,NONE,NONE,-1,-1
kyle,STUDY0,rbp,P,basket,155.986006,156.236006,156.986006,156.236006,156.986006,159.486006,NONE,NONE,-1,-1
kyle,STUDY0,rbp,NULL,NULL,159.486481,-1,-1,161.686025,-1,-1,NONE,NONE,-1,-1
kyle,STUDY0,rbp,S,journey,161.713963,161.963963,162.713963,161.963963,162.713963,165.213963,NONE,NONE,-1,-1
kyle,STUDY0,rbp,Y,engine,165.214521,165.464521,166.214521,165.464521,166.214521,168.714521,NONE,NONE,-1,-1
kyle,STUDY0,rbp,NULL,NULL,168.714978,-1,-1,170.914544,-1,-1,NONE,NONE,-1,-1
kyle,STUDY0,rbp,S,laugh,170.946001,171.196001,171.946002,171.196001,171.946001,174.446001,NONE,NONE,-1,-1
kyle,STUDY0,rbp,Y,victory,174.446586,174.696586,175.446586,174.696586,175.446586,177.946586,NONE,NONE,-1,-1
kyle,STUDY0,rbp,NULL,NULL,177.94705,-1,-1,180.14661,-1,-1,NONE,NONE,-1,-1
kyle,STUDY0,rbp,Y,fashion,180.176662,180.426662,181.176662,180.426662,181.176662,183.676662,NONE,NONE,-1,-1
kyle,STUDY0,rbp,NULL,NULL,183.677137,-1,-1,185.876689,-1,-1,NONE,NONE,-1,-1
kyle,STUDY0,rbp,Y,captain,185.906787,186.156788,186.906787,186.156787,186.906787,189.406787,NONE,NONE,-1,-1
kyle,STUDY0,rbp,NULL,NULL,189.407253,-1,-1,191.60681,-1,-1,NONE,NONE,-1,-1
kyle,STUDY0,rbp,NULL,NULL,191.607264,-1,-1,193.806812,-1,-1,NONE,NONE,-1,-1
kyle,STUDY0,rbp,S,amount,193.841048,194.091048,194.841048,194.091048,194.841048,197.341048,NONE,NONE,-1,-1
kyle,STUDY0,rbp,NULL,NULL,197.341527,-1,-1,199.541076,-1,-1,NONE,NONE,-1,-1
kyle,STUDY0,rbp,S,gravity,199.569186,199.819186,200.569186,199.819186,200.569186,203.069186,NONE,NONE,-1,-1
kyle,STUDY0,rbp,NULL,NULL,203.069677,-1,-1,205.269211,-1,-1,NONE,NONE,-1,-1
kyle,STUDY0,rbp,NULL,NULL,205.269669,-1,-1,207.469213,-1,-1,NONE,NONE,-1,-1
kyle,STUDY0,rbp,P,department,207.50081,207.75081,208.50081,207.75081,208.50081,211.00081,NONE,NONE,-1,-1
kyle,STUDY0,rbp,S,resort,211.001363,211.251363,212.001363,211.251363,212.001363,214.501363,NONE,NONE,-1,-1
kyle,STUDY0,rbp,P,neighbor,214.501926,214.751926,215.501926,214.751926,215.501926,218.001926,NONE,NONE,-1,-1
kyle,STUDY0,rbp,NULL,NULL,218.00239,-1,-1,220.201948,-1,-1,NONE,NONE,-1,-1
kyle,STUDY0,rbp,P,steam,220.231697,220.481698,221.231697,220.481697,221.231697,223.731697,NONE,NONE,-1,-1
kyle,STUDY0,rbp,P,building,223.73232,223.98232,224.73232,223.98232,224.73232,227.23232,NONE,NONE,-1,-1
kyle,STUDY0,rbp,NULL,NULL,227.232794,-1,-1,229.432345,-1,-1,NONE,NONE,-1,-1
kyle,STUDY0,rbp,NULL,NULL,229.432806,-1,-1,231.632349,-1,-1,NONE,NONE,-1,-1
kyle,STUDY0,rbp,S,author,231.661969,231.911969,232.661969,231.911969,232.661969,235.161969,NONE,NONE,-1,-1
kyle,STUDY1,rbp,NULL,NULL,0.003334,-1,-1,2.202527,-1,-1,NONE,NONE,-1,-1
kyle,STUDY1,rbp,NULL,NULL,2.203001,-1,-1,4.402529,-1,-1,NONE,NONE,-1,-1
kyle,STUDY1,rbp,NULL,NULL,4.402982,-1,-1,6.602532,-1,-1,NONE,NONE,-1,-1
kyle,STUDY1,rbp,NULL,NULL,6.602998,-1,-1,8.802534,-1,-1,NONE,NONE,-1,-1
kyle,STUDY1,rbp,NULL,NULL,8.803011,-1,-1,11.002536,-1,-1,NONE,NONE,-1,-1
kyle,STUDY1,rbp,Y,package,11.035089,11.285089,12.035089,11.285089,12.035089,14.535089,NONE,NONE,-1,-1
kyle,STUDY1,rbp,Y,engine,14.535667,14.785668,15.535667,14.785667,15.535667,18.035667,NONE,NONE,-1,-1
kyle,STUDY1,rbp,S,porch,18.036613,18.286613,19.036613,18.286613,19.036613,21.536613,NONE,NONE,-1,-1
kyle,STUDY1,rbp,Y,quarter,21.537154,21.787154,22.537154,21.787154,22.537154,25.037154,NONE,NONE,-1,-1
kyle,STUDY1,rbp,NULL,NULL,25.037625,-1,-1,27.237182,-1,-1,NONE,NONE,-1,-1
kyle,STUDY1,rbp,NULL,NULL,27.237649,-1,-1,29.437185,-1,-1,NONE,NONE,-1,-1
kyle,STUDY1,rbp,NULL,NULL,29.437644,-1,-1,31.637187,-1,-1,NONE,NONE,-1,-1
kyle,STUDY1,rbp,Y,capital,31.664148,31.914156,32.664148,31.914148,32.664148,35.164148,NONE,NONE,-1,-1
kyle,STUDY1,rbp,NULL,NULL,35.164615,-1,-1,37.364172,-1,-1,NONE,NONE,-1,-1
kyle,STUDY1,rbp,S,shoulder,37.397391,37.647391,38.397391,37.647391,38.397391,40.897391,NONE,NONE,-1,-1
kyle,STUDY1,rbp,NULL,NULL,40.897849,-1,-1,43.097417,-1,-1,NONE,NONE,-1,-1
kyle,STUDY1,rbp,P,friend,43.131052,43.381052,44.131052,43.381052,44.131052,46.631052,NONE,NONE,-1,-1
kyle,STUDY1,rbp,S,uniform,46.631618,46.881619,47.631618,46.881618,47.631618,50.131618,NONE,NONE,-1,-1
kyle,STUDY1,rbp,S,stream,50.132745,50.382745,51.132745,50.382745,51.132745,53.632745,NONE,NONE,-1,-1
kyle,STUDY1,rbp,NULL,NULL,53.633206,-1,-1,55.832774,-1,-1,NONE,NONE,-1,-1
kyle,STUDY1,rbp,S,furniture,55.865991,56.115991,56.865991,56.115991,56.865991,59.365991,NONE,NONE,-1,-1
kyle,STUDY1,rbp,NULL,NULL,59.366459,-1,-1,61.566014,-1,-1,NONE,NONE,-1,-1
kyle,STUDY1,rbp,P,trousers,61.598153,61.848153,62.598153,61.848153,62.598153,65.098153,NONE,NONE,-1,-1
kyle,STUDY1,rbp,P,battery,65.098715,65.348715,66.098716,65.348715,66.098715,68.598715,NONE,NONE,-1,-1
kyle,STUDY1,rbp,NULL,NULL,68.599185,-1,-1,70.798739,-1,-1,NONE,NONE,-1,-1
kyle,STUDY1,rbp,Y,travel,70.827277,71.077277,71.827277,71.077277,71.827277,74.327277,NONE,NONE,-1,-1
kyle,STUDY1,rbp,NULL,NULL,74.327742,-1,-1,76.527296,-1,-1,NONE,NONE,-1,-1
kyle,STUDY1,rbp,P,market,76.559169,76.809179,77.559169,76.809169,77.559169,80.059169,NONE,NONE,-1,-1
kyle,STUDY1,rbp,S,minute,80.059724,80.309725,81.059724,80.309724,81.059724,83.559724,NONE,NONE,-1,-1
kyle,STUDY1,rbp,P,plate,83.560305,83.810305,84.560305,83.810305,84.560305,87.060305,NONE,NONE,-1,-1
kyle,STUDY1,rbp,Y,lesson,87.060878,87.310878,88.060878,87.310878,88.060878,90.560878,NONE,NONE,-1,-1
kyle,STUDY1,rbp,NULL,NULL,90.561359,-1,-1,92.760895,-1,-1,NONE,NONE,-1,-1
kyle,STUDY1,rbp,NULL,NULL,92.761366,-1,-1,94.960897,-1,-1,NONE,NONE,-1,-1
kyle,STUDY1,rbp,NULL,NULL,94.961369,-1,-1,97.1609,-1,-1,NONE,NONE,-1,-1
kyle,STUDY1,rbp,Y,evening,97.191717,97.441717,98.191717,97.441717,98.191717,100.691717,NONE,NONE,-1,-1
kyle,STUDY1,rbp,Y,direction,100.692844,100.942844,101.692844,100.942844,101.692844,104.192844,NONE,NONE,-1,-1
kyle,STUDY1,rbp,S,valley,104.193445,104.443445,105.193445,104.443445,105.193445,107.693445,NONE,NONE,-1,-1
kyle,STUDY1,rbp,Y,avenue,107.694055,107.944055,108.694055,107.944055,108.694055,111.194055,NONE,NONE,-1,-1
kyle,STUDY1,rbp,P,speech,111.1946,111.4446,112.1946,111.4446,112.1946,114.6946,NONE,NONE,-1,-1
kyle,STUDY1,rbp,NULL,NULL,114.695084,-1,-1,116.89463,-1,-1,NONE,NONE,-1,-1
kyle,STUDY1,rbp,Y,account,116.924544,117.174544,117.924545,117.174544,117.924544,120.424544,NONE,NONE,-1,-1
kyle,STUDY1,rbp,P,laugh,120.425111,120.675111,121.425111,120.675111,121.425111,123.925111,NONE,NONE,-1,-1
kyle,STUDY1,rbp,NULL,NULL,123.925582,-1,-1,126.125139,-1,-1,NONE,NONE,-1,-1
kyle,STUDY1,rbp,NULL,NULL,126.125585,-1,-1,128.325141,-1,-1,NONE,NONE,-1,-1
kyle,STUDY1,rbp,S,treasure,128.359793,128.609793,129.359793,128.609793,129.359793,131.859793,NONE,NONE,-1,-1
kyle,STUDY1,rbp,NULL,NULL,131.860255,-1,-1,134.059815,-1,-1,NONE,NONE,-1,-1
kyle,STUDY1,rbp,S,kettle,134.090909,134.340909,135.090909,134.340909,135.090909,137.590909,NONE,NONE,-1,-1
kyle,STUDY1,rbp,NULL,NULL,137.591377,-1,-1,139.790926,-1,-1,NONE,NONE,-1,-1
kyle,STUDY1,rbp,S,address,139.823125,140.073127,140.823125,140.073125,140.823125,143.323125,NONE,NONE,-1,-1
kyle,STUDY1,rbp,NULL,NULL,143.323592,-1,-1,145.523154,-1,-1,NONE,NONE,-1,-1
kyle,STUDY1,rbp,NULL,NULL,145.523616,-1,-1,147.723156,-1,-1,NONE,NONE,-1,-1
kyle,STUDY1,rbp,NULL,NULL,147.723606,-1,-1,149.92316,-1,-1,NONE,NONE,-1,-1
kyle,STUDY1,rbp,P,border,149.954259,150.204259,150.954259,150.204259,150.954259,153.454259,NONE,NONE,-1,-1
kyle,STUDY1,rbp,P,meadow,153.45485,153.70485,154.45485,153.70485,154.45485,156.95485,NONE,NONE,-1,-1
kyle,STUDY1,rbp,NULL,NULL,156.955309,-1,-1,159.154871,-1,-1,NONE,NONE,-1,-1
kyle,STUDY1,rbp,P,garden,159.185936,159.435937,160.185936,159.435936,160.185936,162.685936,NONE,NONE,-1,-1
kyle,STUDY1,rbp,NULL,NULL,162.686398,-1,-1,164.885953,-1,-1,NONE,NONE,-1,-1
kyle,STUDY1,rbp,P,painting,164.916651,165.166651,165.916651,165.166651,165.916651,168.416651,NONE,NONE,-1,-1
kyle,STUDY1,rbp,Y,ladder,168.417232,168.667232,169.417232,168.667232,169.417232,171.917232,NONE,NONE,-1,-1
kyle,STUDY1,rbp,S,knock,171.917816,172.167816,172.917816,172.167816,172.917816,175.417816,NONE,NONE,-1,-1
kyle,STUDY1,rbp,NULL,NULL,175.41828,-1,-1,177.617835,-1,-1,NONE,NONE,-1,-1
kyle,STUDY1,rbp,NULL,NULL,177.618295,-1,-1,179.817841,-1,-1,NONE,NONE,-1,-1
kyle,STUDY1,rbp,Y,forest,179.847475,180.097475,180.847475,180.097475,180.847475,183.347475,NONE,NONE,-1,-1
kyle,STUDY1,rbp,Y,whisper,183.348139,183.598139,184.348139,183.598139,184.348139,186.848139,NONE,NONE,-1,-1
kyle,STUDY1,rbp,NULL,NULL,186.848605,-1,-1,189.048161,-1,-1,NONE,NONE,-1,-1
kyle,STUDY1,rbp,P,message,189.080776,189.330776,190.080776,189.330776,190.080776,192.580776,NONE,NONE,-1,-1
kyle,STUDY1,rbp,P,island,192.581351,192.831351,193.581351,192.831351,193.581351,196.081351,NONE,NONE,-1,-1
kyle,STUDY1,rbp,NULL,NULL,196.081818,-1,-1,198.281374,-1,-1,NONE,NONE,-1,-1
kyle,STUDY1,rbp,Y,answer,198.311791,198.561791,199.311791,198.561791,199.311791,201.811791,NONE,NONE,-1,-1
kyle,STUDY1,rbp,P,dinner,201.81263,202.06263,202.81263,202.06263,202.81263,205.31263,NONE,NONE,-1,-1
kyle,STUDY1,rbp,Y,thread,205.313205,205.563205,206.313205,205.563205,206.313205,208.813205,NONE,NONE,-1,-1
kyle,STUDY1,rbp,NULL,NULL,208.813678,-1,-1,211.013223,-1,-1,NONE,NONE,-1,-1
kyle,STUDY1,rbp,S,fashion,211.042829,211.292829,212.042829,211.292829,212.042829,214.542829,NONE,NONE,-1,-1
kyle,STUDY1,rbp,S,steam,214.543401,214.793401,215.543401,214.793401,215.543401,218.043401,NONE,NONE,-1,-1
kyle,STUDY1,rbp,NULL,NULL,218.043906,-1,-1,220.243438,-1,-1,NONE,NONE,-1,-1
kyle,STUDY1,rbp,NULL,NULL,220.243918,-1,-1,222.443441,-1,-1,NONE,NONE,-1,-1
kyle,STUDY1,rbp,P,foundation,222.472508,222.722508,223.472508,222.722508,223.472508,225.972508,NONE,NONE,-1,-1
kyle,STUDY1,rbp,NULL,NULL,225.972993,-1,-1,228.172528,-1,-1,NONE,NONE,-1,-1
kyle,STUDY1,rbp,S,distance,228.20293,228.45293,229.20293,228.45293,229.20293,231.70293,NONE,NONE,-1,-1
kyle,STUDY1,rbp,S,kitchen,231.703522,231.953522,232.703522,231.953522,232.703522,235.203522,NONE,NONE,-1,-1
kyle,TEST0,rbp,NULL,NULL,0.003231,-1,-1,2.20198,-1,-1,NONE,NONE,-1,-1
kyle,TEST0,rbp,NULL,NULL,2.232641,-1,-1,4.401982,-1,-1,NONE,NONE,-1,-1
kyle,TEST0,rbp,NULL,NULL,4.432802,-1,-1,6.601984,-1,-1,NONE,NONE,-1,-1
kyle,TEST0,rbp,NULL,NULL,6.628743,-1,-1,8.801987,-1,-1,NONE,NONE,-1,-1
kyle,TEST0,rbp,NULL,NULL,8.832543,-1,-1,11.001989,-1,-1,NONE,NONE,-1,-1
kyle,TEST0,rbp,P,factory,11.002481,-1,12.015914,12.002481,-1,15.002481,MISS,1,0,-1
kyle,TEST0,rbp,NULL,NULL,15.003215,-1,-1,17.202666,-1,-1,NONE,NONE,-1,-1
kyle,TEST0,rbp,NULL,NULL,17.232434,-1,-1,19.402669,-1,-1,NONE,NONE,-1,-1
kyle,TEST0,rbp,NULL,NULL,19.437145,-1,-1,21.602671,-1,-1,NONE,NONE,-1,-1
kyle,TEST0,rbp,FOIL,partner,21.603113,-1,22.616997,22.603113,-1,25.603113,MISS,0,0,-1
kyle,TEST0,rbp,P,daughter,25.603748,-1,26.617604,26.603748,-1,29.603748,MISS,1,0,-1
kyle,TEST0,rbp,S,minute,29.604382,-1,30.618737,30.604382,-1,33.604382,MISS,1,0,-1
kyle,TEST0,rbp,S,sailor,33.605018,-1,34.619796,34.605018,-1,37.605018,MISS,1,0,-1
kyle,TEST0,rbp,NULL,NULL,37.605745,-1,-1,39.805203,-1,-1,NONE,NONE,-1,-1
kyle,TEST0,rbp,NULL,NULL,39.840836,-1,-1,42.005206,-1,-1,NONE,NONE,-1,-1
kyle,TEST0,rbp,NULL,NULL,42.037249,-1,-1,44.205209,-1,-1,NONE,NONE,-1,-1
kyle,TEST0,rbp,P,speech,44.205669,-1,45.219591,45.205669,-1,48.205669,4,1,1,1.022
kyle,TEST0,rbp,Y,debate,48.230181,-1,49.2449,49.230181,-1,52.230181,MISS,1,0,-1
kyle,TEST0,rbp,Y,queen,52.230882,-1,53.245541,53.230882,-1,56.230882,MISS,1,0,-1
kyle,TEST0,rbp,FOIL,theatre,56.231514,-1,57.246787,57.231514,-1,60.231514,MISS,0,0,-1
kyle,TEST0,rbp,S,border,60.232151,-1,61.245284,61.232151,-1,64.232151,MISS,1,0,-1
kyle,TEST0,rbp,NULL,NULL,64.232894,-1,-1,66.432357,-1,-1,NONE,NONE,-1,-1
kyle,TEST0,rbp,FOIL,answer,66.432811,-1,67.445831,67.432811,-1,70.432811,MISS,0,0,-1
kyle,TEST0,rbp,FOIL,wagon,70.433955,-1,71.448443,71.433955,-1,74.433955,MISS,0,0,-1
kyle,TEST0,rbp,S,pebble,74.434601,-1,75.452398,75.434601,-1,78.434601,MISS,1,0,-1
kyle,TEST0,rbp,FOIL,wheat,78.435248,-1,79.450642,79.435248,-1,82.435248,MISS,0,0,-1
kyle,TEST0,rbp,FOIL,plate,82.435911,-1,83.449342,83.435911,-1,86.435911,MISS,0,0,-1
kyle,TEST0,rbp,NULL,NULL,86.436647,-1,-1,88.636098,-1,-1,NONE,NONE,-1,-1
kyle,TEST0,rbp,NULL,NULL,88.667809,-1,-1,90.8361,-1,-1,NONE,NONE,-1,-1
kyle,TEST0,rbp,NULL,NULL,90.865463,-1,-1,93.036102,-1,-1,NONE,NONE,-1,-1
kyle,TEST0,rbp,S,basket,93.036574,-1,94.050672,94.036574,-1,97.036574,MISS,1,0,-1
kyle,TEST0,rbp,NULL,NULL,97.03731,-1,-1,99.236771,-1,-1,NONE,NONE,-1,-1
kyle,TEST0,rbp,P,ocean,99.237227,-1,100.250822,100.237227,-1,103.237227,MISS,1,0,-1
kyle,TEST0,rbp,P,wheel,103.238345,-1,104.254733,104.238345,-1,107.238345,MISS,1,0,-1
kyle,TEST0,rbp,NULL,NULL,107.239124,-1,-1,109.438541,-1,-1,NONE,NONE,-1,-1
kyle,TEST0,rbp,Y,teacher,109.438993,-1,110.453608,110.438993,-1,113.438993,4,1,1,0.996
kyle,TEST0,rbp,NULL,NULL,113.46352,-1,-1,115.662937,-1,-1,NONE,NONE,-1,-1
kyle,TEST0,rbp,Y,laugh,115.663383,-1,116.677127,116.663383,-1,119.663383,MISS,1,0,-1
kyle,TEST0,rbp,P,direction,119.664044,-1,120.676543,120.664044,-1,123.664044,MISS,1,0,-1
kyle,TEST0,rbp,NULL,NULL,123.664801,-1,-1,125.864246,-1,-1,NONE,NONE,-1,-1
kyle,TEST0,rbp,S,engine,125.864705,-1,126.877089,126.864705,-1,129.864705,MISS,1,0,-1
kyle,TEST0,rbp,FOIL,language,129.866139,-1,130.879814,130.866139,-1,133.866139,MISS,0,0,-1
kyle,TEST0,rbp,NULL,NULL,133.866882,-1,-1,136.066347,-1,-1,NONE,NONE,-1,-1
kyle,TEST0,rbp,P,vacation,136.066819,-1,137.079269,137.066819,-1,140.066819,MISS,1,0,-1
kyle,TEST0,rbp,FOIL,author,140.067466,-1,141.081388,141.067466,-1,144.067466,MISS,0,0,-1
kyle,TEST0,rbp,NULL,NULL,144.068192,-1,-1,146.267652,-1,-1,NONE,NONE,-1,-1
kyle,TEST0,rbp,P,judge,146.268118,-1,147.28115,147.268118,-1,150.268118,4,1,1,1.049
kyle,TEST0,rbp,S,school,150.295049,-1,151.308601,151.295049,-1,154.295049,MISS,1,0,-1
kyle,TEST0,rbp,P,meadow,154.295684,-1,155.311097,155.295684,-1,158.295684,MISS,1,0,-1
kyle,TEST0,rbp,NULL,NULL,158.296866,-1,-1,160.496329,-1,-1,NONE,NONE,-1,-1
kyle,TEST0,rbp,NULL,NULL,160.52844,-1,-1,162.696332,-1,-1,NONE,NONE,-1,-1
kyle,TEST0,rbp,S,shoulder,162.696777,-1,163.709151,163.696777,-1,166.696777,MISS,1,0,-1
kyle,TEST0,rbp,NULL,NULL,166.697812,-1,-1,168.896976,-1,-1,NONE,NONE,-1,-1
kyle,TEST0,rbp,FOIL,evening,168.897474,-1,169.911395,169.897474,-1,172.897474,4,0,0,1.178
kyle,TEST0,rbp,FOIL,ladder,172.923545,-1,173.938336,173.923545,-1,176.923545,MISS,0,0,-1
kyle,TEST0,rbp,NULL,NULL,176.924285,-1,-1,179.123734,-1,-1,NONE,NONE,-1,-1
kyle,TEST0,rbp,NULL,NULL,179.159395,-1,-1,181.323737,-1,-1,NONE,NONE,-1,-1
kyle,TEST0,rbp,NULL,NULL,181.355068,-1,-1,183.523739,-1,-1,NONE,NONE,-1,-1
kyle,TEST0,rbp,S,traffic,183.524184,-1,184.535756,184.524184,-1,187.524184,MISS,1,0,-1
kyle,TEST0,rbp,P,whisper,187.52482,-1,188.538306,188.52482,-1,191.52482,MISS,1,0,-1
kyle,TEST0,rbp,FOIL,nephew,191.526005,-1,192.540032,192.526005,-1,195.526005,MISS,0,0,-1
kyle,TEST0,rbp,Y,record,195.526661,-1,196.539461,196.526661,-1,199.526661,MISS,1,0,-1
kyle,TEST0,rbp,Y,reward,199.527442,-1,200.541715,200.527442,-1,203.527442,MISS,1,0,-1
kyle,TEST0,rbp,NULL,NULL,203.528204,-1,-1,205.727645,-1,-1,NONE,NONE,-1,-1
kyle,TEST0,rbp,Y,treasure,205.72811,-1,206.742533,206.72811,-1,209.72811,MISS,1,0,-1
kyle,TEST0,rbp,NULL,NULL,209.728837,-1,-1,211.928297,-1,-1,NONE,NONE,-1,-1
kyle,TEST0,rbp,P,peace,211.928753,-1,212.943161,212.928753,-1,215.928753,MISS,1,0,-1
kyle,TEST0,rbp,P,attention,215.929444,-1,216.943502,216.929444,-1,219.929444,MISS,1,0,-1
kyle,TEST0,rbp,NULL,NULL,219.930616,-1,-1,222.130075,-1,-1,NONE,NONE,-1,-1
kyle,TEST0,rbp,NULL,NULL,222.163292,-1,-1,224.330077,-1,-1,NONE,NONE,-1,-1
kyle,TEST0,rbp,NULL,NULL,224.35775,-1,-1,226.530079,-1,-1,NONE,NONE,-1,-1
kyle,TEST0,rbp,S,justice,226.530522,-1,227.542487,227.530522,-1,230.530522,MISS,1,0,-1
kyle,TEST0,rbp,NULL,NULL,230.531247,-1,-1,232.730708,-1,-1,NONE,NONE,-1,-1
kyle,TEST0,rbp,Y,glass,232.731216,-1,233.744241,233.731216,-1,236.731216,4,1,1,1.137
kyle,TEST0,rbp,NULL,NULL,236.756315,-1,-1,238.955777,-1,-1,NONE,NONE,-1,-1
kyle,TEST0,rbp,Y,invention,238.956234,-1,239.970181,239.956234,-1,242.956234,MISS,1,0,-1
kyle,TEST0,rbp,P,department,242.9569,-1,243.976373,243.9569,-1,246.9569,MISS,1,0,-1
kyle,TEST0,rbp,FOIL,package,246.957609,-1,247.971241,247.957609,-1,250.957609,MISS,0,0,-1
kyle,TEST0,rbp,NULL,NULL,250.958308,-1,-1,253.157768,-1,-1,NONE,NONE,-1,-1
kyle,TEST0,rbp,NULL,NULL,253.187183,-1,-1,255.35777,-1,-1,NONE,NONE,-1,-1
kyle,TEST0,rbp,Y,quarrel,255.358229,-1,256.372355,256.358229,-1,259.358229,MISS,1,0,-1
kyle,TEST0,rbp,NULL,NULL,259.358961,-1,-1,261.558419,-1,-1,NONE,NONE,-1,-1
kyle,TEST0,rbp,P,garden,261.558914,-1,262.573699,262.558914,-1,265.558914,MISS,1,0,-1
kyle,TEST0,rbp,Y,fashion,265.55958,-1,266.576755,266.55958,-1,269.55958,MISS,1,0,-1
kyle,TEST0,rbp,S,envelope,269.560238,-1,270.574868,270.560238,-1,273.560238,MISS,1,0,-1
kyle,TEST0,rbp,S,merchant,273.560895,-1,274.575077,274.560895,-1,277.560895,MISS,1,0,-1
kyle,TEST0,rbp,NULL,NULL,277.562202,-1,-1,279.761081,-1,-1,NONE,NONE,-1,-1
kyle,TEST0,rbp,S,distance,279.761596,-1,280.776499,280.761596,-1,283.761596,MISS,1,0,-1
kyle,TEST0,rbp,Y,industry,283.762685,-1,284.777595,284.762685,-1,287.762685,MISS,1,0,-1
kyle,TEST0,rbp,NULL,NULL,287.763412,-1,-1,289.962871,-1,-1,NONE,NONE,-1,-1
kyle,TEST0,rbp,NULL,NULL,289.993195,-1,-1,292.162873,-1,-1,NONE,NONE,-1,-1
kyle,TEST0,rbp,FOIL,beauty,292.16333,-1,293.177338,293.16333,-1,296.16333,4,0,0,0.905
kyle,TEST0,rbp,Y,forest,296.19272,-1,297.20629,297.19272,-1,300.19272,MISS,1,0,-1
kyle,TEST0,rbp,Y,pocket,300.193421,-1,301.208084,301.193421,-1,304.193421,MISS,1,0,-1
kyle,TEST0,rbp,NULL,NULL,304.194423,-1,-1,306.393881,-1,-1,NONE,NONE,-1,-1
kyle,TEST0,rbp,FOIL,trousers,306.394336,-1,307.408205,307.394336,-1,310.394336,2,0,1,1.298
kyle,TEST0,rbp,NULL,NULL,310.423274,-1,-1,312.622714,-1,-1,NONE,NONE,-1,-1
kyle,TEST0,rbp,Y,summer,312.623181,-1,313.63678,313.623181,-1,316.623181,4,1,1,1.173
kyle,TEST0,rbp,P,arrow,316.643616,-1,317.660873,317.643616,-1,320.643616,MISS,1,0,-1
kyle,TEST0,rbp,S,steam,320.644245,-1,321.658415,321.644245,-1,324.644245,MISS,1,0,-1
kyle,TEST0,rbp,FOIL,century,324.644868,-1,325.659261,325.644868,-1,328.644868,MISS,0,0,-1
kyle,TEST0,rbp,NULL,NULL,328.645594,-1,-1,330.845049,-1,-1,NONE,NONE,-1,-1
kyle,TEST0,rbp,NULL,NULL,330.874065,-1,-1,333.045052,-1,-1,NONE,NONE,-1,-1
kyle,TEST0,rbp,S,uniform,333.045514,-1,334.060046,334.045514,-1,337.045514,MISS,1,0,-1
kyle,TEST0,rbp,NULL,NULL,337.046245,-1,-1,339.245711,-1,-1,NONE,NONE,-1,-1
kyle,TEST1,rbp,NULL,NULL,0.001898,-1,-1,2.201082,-1,-1,NONE,NONE,-1,-1
kyle,TEST1,rbp,NULL,NULL,2.236849,-1,-1,4.401084,-1,-1,NONE,NONE,-1,-1
kyle,TEST1,rbp,NULL,NULL,4.428638,-1,-1,6.601092,-1,-1,NONE,NONE,-1,-1
kyle,TEST1,rbp,NULL,NULL,6.631143,-1,-1,8.801094,-1,-1,NONE,NONE,-1,-1
kyle,TEST1,rbp,NULL,NULL,8.832297,-1,-1,11.001097,-1,-1,NONE,NONE,-1,-1
kyle,TEST1,rbp,S,campaign,11.001548,-1,12.018129,12.001548,-1,15.001548,MISS,1,0,-1
kyle,TEST1,rbp,NULL,NULL,15.002327,-1,-1,17.201738,-1,-1,NONE,NONE,-1,-1
kyle,TEST1,rbp,Y,turnip,17.202191,-1,18.214653,18.202191,-1,21.202191,4,1,1,1.26
kyle,TEST1,rbp,NULL,NULL,21.224378,-1,-1,23.423828,-1,-1,NONE,NONE,-1,-1
kyle,TEST1,rbp,S,amount,23.424289,-1,24.444096,24.424289,-1,27.424289,MISS,1,0,-1
kyle,TEST1,rbp,Y,river,27.424977,-1,28.43985,28.424977,-1,31.424977,MISS,1,0,-1
kyle,TEST1,rbp,NULL,NULL,31.426176,-1,-1,33.625608,-1,-1,NONE,NONE,-1,-1
kyle,TEST1,rbp,P,quarter,33.626051,-1,34.640769,34.626051,-1,37.626051,MISS,1,0,-1
kyle,TEST1,rbp,S,captain,37.626714,-1,38.638367,38.626714,-1,41.626714,MISS,1,0,-1
kyle,TEST1,rbp,NULL,NULL,41.627441,-1,-1,43.826898,-1,-1,NONE,NONE,-1,-1
kyle,TEST1,rbp,FOIL,election,43.827367,-1,44.845782,44.827367,-1,47.827367,4,0,0,1.165
kyle,TEST1,rbp,FOIL,victory,47.851565,-1,48.866249,48.851565,-1,51.851565,MISS,0,0,-1
kyle,TEST1,rbp,NULL,NULL,51.852306,-1,-1,54.051759,-1,-1,NONE,NONE,-1,-1
kyle,TEST1,rbp,Y,clothes,54.052233,-1,55.068947,55.052233,-1,58.052233,MISS,1,0,-1
kyle,TEST1,rbp,FOIL,leather,58.052869,-1,59.071436,59.052869,-1,62.052869,MISS,0,0,-1
kyle,TEST1,rbp,NULL,NULL,62.054073,-1,-1,64.253516,-1,-1,NONE,NONE,-1,-1
kyle,TEST1,rbp,NULL,NULL,64.285712,-1,-1,66.453519,-1,-1,NONE,NONE,-1,-1
kyle,TEST1,rbp,Y,village,66.453971,-1,67.467849,67.453971,-1,70.453971,MISS,1,0,-1
kyle,TEST1,rbp,P,powder,70.454632,-1,71.469139,71.454632,-1,74.454632,MISS,1,0,-1
kyle,TEST1,rbp,FOIL,winter,74.455284,-1,75.47042,75.455284,-1,78.455284,MISS,0,0,-1
kyle,TEST1,rbp,Y,ticket,78.455931,-1,79.469043,79.455931,-1,82.455931,MISS,1,0,-1
kyle,TEST1,rbp,S,market,82.456733,-1,83.471475,83.456733,-1,86.456733,MISS,1,0,-1
kyle,TEST1,rbp,NULL,NULL,86.457809,-1,-1,88.656934,-1,-1,NONE,NONE,-1,-1
kyle,TEST1,rbp,NULL,NULL,88.686002,-1,-1,90.856937,-1,-1,NONE,NONE,-1,-1
kyle,TEST1,rbp,S,avenue,90.857383,-1,91.871539,91.857383,-1,94.857383,4,1,1,1.211
kyle,TEST1,rbp,FOIL,foundation,94.879758,-1,95.894875,95.879758,-1,98.879758,MISS,0,0,-1
kyle,TEST1,rbp,FOIL,battery,98.880407,-1,99.894248,99.880407,-1,102.880407,MISS,0,0,-1
kyle,TEST1,rbp,Y,lesson,102.881033,-1,103.895886,103.881033,-1,106.881033,MISS,1,0,-1
kyle,TEST1,rbp,FOIL,journey,106.881693,-1,107.896243,107.881693,-1,110.881693,MISS,0,0,-1
kyle,TEST1,rbp,NULL,NULL,110.8826,-1,-1,113.081888,-1,-1,NONE,NONE,-1,-1
kyle,TEST1,rbp,NULL,NULL,113.113094,-1,-1,115.28189,-1,-1,NONE,NONE,-1,-1
kyle,TEST1,rbp,FOIL,kitchen,115.282377,-1,116.296674,116.282377,-1,119.282377,MISS,0,0,-1
kyle,TEST1,rbp,P,afternoon,119.283108,-1,120.297858,120.283108,-1,123.283108,MISS,1,0,-1
kyle,TEST1,rbp,NULL,NULL,123.284296,-1,-1,125.483748,-1,-1,NONE,NONE,-1,-1
kyle,TEST1,rbp,NULL,NULL,125.513315,-1,-1,127.683751,-1,-1,NONE,NONE,-1,-1
kyle,TEST1,rbp,Y,island,127.684206,-1,128.698681,128.684206,-1,131.684206,2,1,0,0.952
kyle,TEST1,rbp,S,furniture,131.714843,-1,132.728105,132.714843,-1,135.714843,MISS,1,0,-1
kyle,TEST1,rbp,P,machine,135.715495,-1,136.730466,136.715495,-1,139.715495,MISS,1,0,-1
kyle,TEST1,rbp,NULL,NULL,139.716269,-1,-1,141.915714,-1,-1,NONE,NONE,-1,-1
kyle,TEST1,rbp,FOIL,gravity,141.916165,-1,142.929955,142.916165,-1,145.916165,MISS,0,0,-1
kyle,TEST1,rbp,NULL,NULL,145.916889,-1,-1,148.116349,-1,-1,NONE,NONE,-1,-1
kyle,TEST1,rbp,NULL,NULL,148.146838,-1,-1,150.316351,-1,-1,NONE,NONE,-1,-1
kyle,TEST1,rbp,S,thread,150.3168,-1,151.331837,151.3168,-1,154.3168,MISS,1,0,-1
kyle,TEST1,rbp,Y,education,154.317879,-1,155.331942,155.317879,-1,158.317879,MISS,1,0,-1
kyle,TEST1,rbp,Y,history,158.318556,-1,159.332279,159.318556,-1,162.318556,MISS,1,0,-1
kyle,TEST1,rbp,S,neighbor,162.319218,-1,163.334088,163.319218,-1,166.319218,MISS,1,0,-1
kyle,TEST1,rbp,P,friend,166.319844,-1,167.333124,167.319844,-1,170.319844,MISS,1,0,-1
kyle,TEST1,rbp,NULL,NULL,170.321132,-1,-1,172.520049,-1,-1,NONE,NONE,-1,-1
kyle,TEST1,rbp,NULL,NULL,172.548926,-1,-1,174.720051,-1,-1,NONE,NONE,-1,-1
kyle,TEST1,rbp,P,station,174.720497,-1,175.735497,175.720497,-1,178.720497,MISS,1,0,-1
kyle,TEST1,rbp,S,address,178.72113,-1,179.735422,179.72113,-1,182.72113,MISS,1,0,-1
kyle,TEST1,rbp,FOIL,attitude,182.722294,-1,183.736954,183.722294,-1,186.722294,MISS,0,0,-1
kyle,TEST1,rbp,NULL,NULL,186.723207,-1,-1,188.922667,-1,-1,NONE,NONE,-1,-1
kyle,TEST1,rbp,P,invitation,188.923131,-1,189.936245,189.923131,-1,192.923131,MISS,1,0,-1
kyle,TEST1,rbp,NULL,NULL,192.923893,-1,-1,195.123335,-1,-1,NONE,NONE,-1,-1
kyle,TEST1,rbp,NULL,NULL,195.156101,-1,-1,197.323337,-1,-1,NONE,NONE,-1,-1
kyle,TEST1,rbp,NULL,NULL,197.354328,-1,-1,199.52334,-1,-1,NONE,NONE,-1,-1
kyle,TEST1,rbp,NULL,NULL,199.552913,-1,-1,201.723342,-1,-1,NONE,NONE,-1,-1
kyle,TEST1,rbp,S,valley,201.723796,-1,202.743021,202.723796,-1,205.723796,MISS,1,0,-1
kyle,TEST1,rbp,NULL,NULL,205.724528,-1,-1,207.923983,-1,-1,NONE,NONE,-1,-1
kyle,TEST1,rbp,S,capital,207.924438,-1,208.938417,208.924438,-1,211.924438,MISS,1,0,-1
kyle,TEST1,rbp,S,painting,211.925463,-1,212.94385,212.925463,-1,215.925463,MISS,1,0,-1
kyle,TEST1,rbp,Y,entrance,215.926125,-1,216.94044,216.926125,-1,219.926125,MISS,1,0,-1
kyle,TEST1,rbp,P,castle,219.926768,-1,220.938947,220.926768,-1,223.926768,MISS,1,0,-1
kyle,TEST1,rbp,Y,handle,223.927427,-1,224.942106,224.927427,-1,227.927427,MISS,1,0,-1
kyle,TEST1,rbp,NULL,NULL,227.928179,-1,-1,230.127626,-1,-1,NONE,NONE,-1,-1
kyle,TEST1,rbp,NULL,NULL,230.158358,-1,-1,232.327629,-1,-1,NONE,NONE,-1,-1
kyle,TEST1,rbp,Y,dinner,232.328083,-1,233.342194,233.328083,-1,236.328083,2,1,0,0.98
kyle,TEST1,rbp,FOIL,porch,236.360948,-1,237.376714,237.360948,-1,240.360948,MISS,0,0,-1
kyle,TEST1,rbp,NULL,NULL,240.362066,-1,-1,242.561543,-1,-1,NONE,NONE,-1,-1
kyle,TEST1,rbp,NULL,NULL,242.592415,-1,-1,244.761545,-1,-1,NONE,NONE,-1,-1
kyle,TEST1,rbp,S,building,244.761989,-1,245.77598,245.761989,-1,248.761989,MISS,1,0,-1
kyle,TEST1,rbp,NULL,NULL,248.762819,-1,-1,250.962186,-1,-1,NONE,NONE,-1,-1
kyle,TEST1,rbp,NULL,NULL,250.991032,-1,-1,253.162189,-1,-1,NONE,NONE,-1,-1
kyle,TEST1,rbp,NULL,NULL,253.190895,-1,-1,255.362191,-1,-1,NONE,NONE,-1,-1
kyle,TEST1,rbp,P,resort,255.3627,-1,256.377519,256.3627,-1,259.3627,MISS,1,0,-1
kyle,TEST1,rbp,P,guardian,259.363342,-1,260.377272,260.363342,-1,263.363342,MISS,1,0,-1
kyle,TEST1,rbp,P,kettle,263.363974,-1,264.377222,264.363974,-1,267.363974,MISS,1,0,-1
kyle,TEST1,rbp,NULL,NULL,267.364737,-1,-1,269.564166,-1,-1,NONE,NONE,-1,-1
kyle,TEST1,rbp,P,holiday,269.564628,-1,270.578054,270.564628,-1,273.564628,4,1,1,1.313
kyle,TEST1,rbp,Y,shadow,273.588977,-1,274.60331,274.588977,-1,277.588977,MISS,1,0,-1
kyle,TEST1,rbp,Y,harbor,277.589598,-1,278.603452,278.589598,-1,281.589598,MISS,1,0,-1
kyle,TEST1,rbp,S,branch,281.590252,-1,282.604763,282.590252,-1,285.590252,MISS,1,0,-1
kyle,TEST1,rbp,NULL,NULL,285.591397,-1,-1,287.790523,-1,-1,NONE,NONE,-1,-1
kyle,TEST1,rbp,FOIL,message,287.790981,-1,288.803948,288.790981,-1,291.790981,2,0,1,1.391
kyle,TEST1,rbp,NULL,NULL,291.814315,-1,-1,294.013761,-1,-1,NONE,NONE,-1,-1
kyle,TEST1,rbp,Y,kingdom,294.014221,-1,295.027544,295.014221,-1,298.014221,MISS,1,0,-1
kyle,TEST1,rbp,NULL,NULL,298.014939,-1,-1,300.214404,-1,-1,NONE,NONE,-1,-1
kyle,TEST1,rbp,FOIL,travel,300.214948,-1,301.227633,301.214948,-1,304.214948,MISS,0,0,-1
kyle,TEST1,rbp,P,uncle,304.216041,-1,305.230148,305.216041,-1,308.216041,MISS,1,0,-1
kyle,TEST1,rbp,NULL,NULL,308.216776,-1,-1,310.416237,-1,-1,NONE,NONE,-1,-1
kyle,TEST1,rbp,NULL,NULL,310.454489,-1,-1,312.61624,-1,-1,NONE,NONE,-1,-1
kyle,TEST1,rbp,FOIL,stream,312.616698,-1,313.630246,313.616698,-1,316.616698,MISS,0,0,-1
kyle,TEST1,rbp,P,knock,316.61735,-1,317.630893,317.61735,-1,320.61735,MISS,1,0,-1
kyle,TEST1,rbp,NULL,NULL,320.618069,-1,-1,322.817532,-1,-1,NONE,NONE,-1,-1
kyle,TEST1,rbp,S,office,322.81799,-1,323.832973,323.81799,-1,326.81799,MISS,1,0,-1
kyle,TEST1,rbp,NULL,NULL,326.818756,-1,-1,329.018186,-1,-1,NONE,NONE,-1,-1
kyle,TEST1,rbp,P,orchard,329.018663,-1,330.031594,330.018663,-1,333.018663,4,1,1,1.099
kyle,TEST1,rbp,NULL,NULL,333.04189,-1,-1,335.241364,-1,-1,NONE,NONE,-1,-1
kyle,TEST1,rbp,FOIL,account,335.241827,-1,336.255974,336.241827,-1,339.241827,MISS,0,0,-1